org,
conselho estadual de,
senado do brasil,
agencia nacional de vigilancia sanitaria,
ministerio da saude,
butantan,
instituto butantan,
conselho nacional de,
sociedade brasileira de,
conselho federal de,
superior tribunal de,
cupula do poder judiciario,
fiocruz,
hospital,
secretaria de saude,
minsterio da saude,
ministerio da educacao,
autarquia federal,
prefeitura,
associacao brasileira,
secretaria.*estado,
secretaria.*municip,
camara municipal,
oficial.*governo do estado,
assembleia legislativa,
instituto.*pesquisa,
unidade.*saude,
senado\b federal